년,월,일,start_time,end_time,장소,인원,위도,경도,비고
2025,08,23,13:00,17:00,"[""동화면세점 / 교보빌딩"", ""종로2R"", ""대한문""]",,"[37.570444213604226, 37.571307298, 37.5679780006869]","[126.97294983262255, 127.002185259, 126.97393399997874]",신문로1가 등
2025,08,23,14:00,16:30,"[""전쟁기념관"", ""한강진역 중 북""]",90000,"[37.53730020043626, 37.53974445089013]","[126.97844799976193, 127.00148259975579]",종 로 남대문 500명 용 산 이태원로
2025,08,23,14:00,19:00,"[""한강진역 2出"", ""녹사평역""]",5000,"[37.54050299714743, 37.53508211683312]","[127.00188399951567, 126.9865649983395]",용 산 이태원로
2025,08,23,17:00,20:30,"[""서울역광장"", ""중앙우체국""]",500,"[37.55696099776151, 37.56156290501471]","[126.97177100014838, 126.98211539959279]",남대문 한강대로 등
2025,08,23,18:00,21:00,의정부터 ⇄ 종각R,10000,[37.56560764563609],[126.97694439982462],종 로 세종대로 등
